Species,Accessions,human,mammal,primate
Alphapapillomavirus 7,NC_001357.1,True,True,True
Alphapapillomavirus 11,NC_001587.1,True,True,True
Alphapapillomavirus 13,NC_001676.1,True,True,True
Royal Farm virus,NC_006947.1,True,True,True
Alphapapillomavirus 9,NC_001526.4,True,True,True
Rhinovirus B,FJ445188.1,True,True,True
Alphapapillomavirus 6,NC_001593.1,True,True,True
Alphapapillomavirus 10,NC_001355.1,True,True,True
Alphapapillomavirus 5,NC_001583.1,True,True,True
Betapapillomavirus 3,NC_001591.1,True,True,True
Betapapillomavirus 2,NC_001596.1,True,True,True
Chikungunya virus,HM045787.1,True,True,True
Irkut lyssavirus,NC_020809.1,True,True,True
Alphapapillomavirus 8,NC_001595.1,True,True,True
Israel turkey meningoencephalomyelitis virus,KC734551.1,False,False,False
Ndumu virus,NC_016959.1,False,True,False
Bokeloh bat lyssavirus,NC_025251.1,True,True,True
Australian bat lyssavirus,NC_003243.1,True,True,True
Khujand lyssavirus,NC_025385.1,True,True,True
Koutango virus,EU082200.2,True,True,True
Rabies lyssavirus,KF155002.1,True,True,True
Mupapillomavirus 2,NC_001458.1,True,True,True
Uganda S virus,NC_033698.1,True,True,True
Betapapillomavirus 1,NC_001531.1,True,True,True
Alphapapillomavirus 14,NC_004104.1,True,True,True
Mayaro virus,NC_003417.1,True,True,True
Lagos bat lyssavirus,NC_020807.1,True,True,True
Mokola lyssavirus,NC_006429.1,True,True,True
Yaounde virus,NC_034018.1,False,False,False
Tai Forest ebolavirus,NC_014372.1,True,True,True
Aura virus,NC_003900.1,False,False,False
Ilheus virus,NC_009028.2,True,True,True
Betapapillomavirus 4,NC_004500.1,True,True,True
Tick-borne encephalitis virus,NC_001672.1,True,True,True
Aravan lyssavirus,NC_020808.1,True,True,True
Betapapillomavirus 5,NC_005134.2,True,True,True
Nyando orthobunyavirus,NC_034492.1  NC_034491.1  NC_034481.1,True,True,True
Fort Morgan virus,NC_013528.1,False,False,False
Zika virus,NC_012532.1,True,True,True
Japanese encephalitis virus,GQ902058.1,True,True,True
Alphapapillomavirus 4,NC_001352.1,True,True,True
Bujaru phlebovirus,NC_033830.1  NC_033847.1  NC_033831.1,False,False,False
European bat 2 lyssavirus,NC_009528.2,True,True,True
Gammapapillomavirus 1,NC_001457.1,True,True,True
Alphapapillomavirus 2,NC_001576.1,True,True,True
Human mastadenovirus D,NC_010956.1,True,True,True
Alphapapillomavirus 1,NC_001586.1,True,True,True
Tyuleniy virus,NC_023424.1,False,False,False
Entebbe bat virus,NC_008718.1,False,True,False
Getah virus,NC_006558.1,True,True,True
Alphapapillomavirus 3,NC_001694.1,True,True,True
Omsk hemorrhagic fever virus,NC_005062.1,True,True,True
Mosso das Pedras virus,AF075257.1,True,True,True
Saint Louis encephalitis virus,NC_007580.2,True,True,True
Capim orthobunyavirus,NC_034482.1  NC_034493.1  NC_034483.1,False,True,False
Aroa virus,NC_009026.2,True,True,True
Venezuelan equine encephalitis virus,KC344449.1,True,True,True
Ross River virus,GQ433354.1,True,True,True
Murray Valley encephalitis virus,NC_000943.1,True,True,True
Sudan ebolavirus,NC_006432.1,True,True,True
Bundibugyo ebolavirus,NC_014373.1,True,True,True
Sepik virus,NC_008719.1,True,True,True
Gammapapillomavirus 4,NC_001693.1,True,True,True
Onyong-nyong virus,NC_001512.1,True,True,True
Simbu orthobunyavirus,NC_018476.1  NC_018478.1  NC_018477.1,False,False,False
Bebaru virus,NC_016962.1,True,True,True
Equine mastadenovirus A,NC_030792.1,False,True,False
Bovine orthopneumovirus,NC_001989.1,False,True,False
Pixuna virus,AF075256.1,True,True,True
Zaire ebolavirus,NC_002549.1,True,True,True
Tembusu virus,NC_015843.2,True,True,True
Enterovirus J,NC_013695.1,False,False,False
Shuni orthobunyavirus,NC_018465.1  NC_018459.1  NC_018460.1,True,True,True
Middelburg virus,NC_024887.1,True,True,True
Human mastadenovirus E,NC_003266.2,True,True,True
European bat 1 lyssavirus,NC_009527.1,True,True,True
Apoi virus,NC_003676.1,False,True,False
Southern elephant seal virus,NC_016960.1,False,True,False
Duvenhage lyssavirus,NC_020810.1,True,True,True
Cupixi mammarenavirus,NC_010252.1  NC_010254.1,False,True,False
Semliki Forest virus,NC_003215.1,True,True,True
Gadgets Gully virus,NC_033723.1,True,True,True
Highlands J virus,NC_012561.1,True,True,True
Enterovirus C,KJ170575.1,True,True,True
Rio Negro virus,AF075258.1,True,True,True
Louping ill virus,NC_001809.1,True,True,True
Mamastrovirus 6,NC_011400.1,True,True,True
Rhinovirus C,NC_009996.1,True,True,True
Everglades virus,AF075251.1,True,True,True
Lloviu cuevavirus,NC_016144.1,True,True,True
Primate T-lymphotropic virus 1,NC_001436.1,True,True,True
Tellina virus,NC_038869.1  NC_038870.1,False,False,False
Gammapapillomavirus 3,NC_001691.1,True,True,True
Jugra virus,NC_033699.1,False,False,False
Kyasanur Forest disease virus,JF416960.1,True,True,True
Madariaga virus,NC_023812.1,True,True,True
Murine orthopneumovirus,NC_006579.1,False,True,False
Reston ebolavirus,NC_004161.1,True,True,True
Human mastadenovirus C,AC_000017.1,True,True,True
Human immunodeficiency virus 1,NC_001802.1,True,True,True
Norwalk virus,NC_001959.2,True,True,True
Mupapillomavirus 1,NC_001356.1,True,True,True
Powassan virus,NC_003687.1,True,True,True
Bagaza virus,NC_012534.1,True,True,True
Morreton vesiculovirus,NC_034508.1,True,True,True
Langat virus,NC_003690.1,True,True,True
Cacipacore virus,NC_026623.1,True,True,True
Frijoles phlebovirus,KX611391.1  KX611392.1  KX611393.1,False,False,False
West Nile virus,NC_001563.2,True,True,True
Wyeomyia orthobunyavirus,NC_034212.1  NC_034213.1  NC_034211.1,True,True,True
Machupo mammarenavirus,NC_005079.1  NC_005078.1,True,True,True
Macacine gammaherpesvirus 4,NC_006146.1,False,True,True
Catu orthobunyavirus,KP792660.1  KP792659.1  KP792658.1,True,True,True
Mopeia mammarenavirus,NC_006574.1  NC_006575.1,False,True,False
Bimiti orthobunyavirus,KP792657.1  KP792656.1  KP792655.1,False,False,False
Caraparu orthobunyavirus,NC_034489.1  NC_034477.1  NC_034478.1,True,True,True
Kedougou virus,NC_012533.1,True,True,True
Salehabad phlebovirus,NC_029127.1  NC_029128.1  NC_029129.1,False,False,False
Cercopithecine alphaherpesvirus 9,NC_002686.2,False,True,True
Cabassou virus,AF075259.1,False,True,False
Kappapapillomavirus 1,NC_002232.1,False,True,False
Cosavirus F,NC_034385.1,True,True,True
Tonate virus,AF075254.1,True,True,True
Influenza A virus,CY216614.1  CY216615.1  CY216616.1  CY216617.1  CY216618.1  CY216619.1  CY216620.1  CY216621.1,True,True,True
Caprine arthritis encephalitis virus,NC_001463.1,False,True,False
Piscihepevirus A,NC_015521.1,False,False,False
Yokose virus,NC_005039.1,False,True,False
Infectious pancreatic necrosis virus,NC_001915.1  NC_001916.1,False,False,False
Human alphaherpesvirus 1,NC_001806.2,True,True,True
Bwamba orthobunyavirus,NC_034479.1  NC_034490.1  NC_034480.1,True,True,True
Isfahan vesiculovirus,NC_020806.1,True,True,True
West Caucasian bat lyssavirus,NC_025377.1,True,True,True
Oropouche orthobunyavirus,NC_005776.1  NC_005775.1  NC_005777.1,True,True,True
Salmon pancreas disease virus,NC_003930.1,False,False,False
Human polyomavirus 1,NC_001538.1,True,True,True
Mamastrovirus 1,NC_030922.1,True,True,True
Wesselsbron virus,NC_012735.1,True,True,True
Cosavirus A,NC_012800.1,True,True,True
Kadam virus,NC_033724.1,False,True,False
Influenza B virus,MH245265.1  MH245264.1  MH245263.1  MH245262.1  MH245261.1  MH245260.1  MH245259.1  MH245258.1,True,True,True
Ungulate bocaparvovirus 1,NC_001540.1,False,True,False
Pegivirus C,NC_001710.1,True,True,True
Human gammaherpesvirus 8,NC_009333.1,True,True,True
Human orthopneumovirus,NC_001781.1,True,True,True
Gammapapillomavirus 2,NC_001690.1,True,True,True
Simian orthorubulavirus,NC_006428.1,True,True,True
Candiru phlebovirus,NC_015374.1  NC_015373.1  NC_015375.1,True,True,True
Ippy mammarenavirus,NC_007906.1  NC_007905.1,False,True,False
Rotavirus F,NC_021625.1  NC_021626.1  NC_021631.1  NC_021630.1  NC_021632.1  NC_021635.1  NC_021633.1  NC_021628.1  NC_021627.1  NC_021629.1  NC_021634.1,False,False,False
Enterovirus H,NC_003988.1,False,True,True
Huaiyangshan banyangvirus,NC_018136.1  NC_018138.1  NC_018137.1,True,True,True
Tremovirus A,NC_003990.1,False,False,False
Gammapapillomavirus 5,NC_010329.1,True,True,True
Akabane orthobunyavirus,NC_009894.1  NC_009895.1  NC_009896.1,False,True,False
Human immunodeficiency virus 2,NC_001722.1,True,True,True
Sandfly fever Naples phlebovirus,NC_006319.1  NC_006320.1  NC_006318.1,True,True,True
Edge Hill virus,NC_030289.1,True,True,True
Shimoni bat lyssavirus,NC_025365.1,True,True,True
Argentinian mammarenavirus,NC_005080.1  NC_005081.1,True,True,True
Enterovirus B,AB426609.1,True,True,True
Carnivore amdoparvovirus 1,MF285607.1,False,True,False
Enterovirus D,NC_001430.1,True,True,True
Klamath tupavirus,NC_034549.1,True,True,True
Punta Toro phlebovirus,NC_027203.1  NC_027201.1  NC_027202.1,True,True,True
Mamastrovirus 3,NC_025379.1,False,True,False
Sapelovirus A,NC_003987.1,False,True,False
Walleye dermal sarcoma virus,NC_001867.1,False,False,False
Guama orthobunyavirus,KP792666.1  KP792665.1  KP792664.1,True,True,True
Rotavirus G,NC_021590.1  NC_021580.1  NC_021581.1  NC_021589.1  NC_021583.1  NC_021588.1  NC_021585.1  NC_021584.1  NC_021582.1  NC_021586.1  NC_021587.1,False,False,False
Piry vesiculovirus,KU178986.1,True,True,True
Pegivirus I,NC_038437.1,False,True,False
Taterapox virus,NC_008291.1,False,True,False
Anopheles A orthobunyavirus,KY793537.1  KY793538.1  KY793539.1,True,True,True
California encephalitis orthobunyavirus,NC_004108.1  NC_004109.1  NC_004110.1,True,True,True
Human betaherpesvirus 5,NC_006273.2,True,True,True
Sindbis virus,KF981618.1,True,True,True
Alagoas vesiculovirus,NC_025353.1,True,True,True
Human mastadenovirus A,AC_000005.1,True,True,True
Puumala orthohantavirus,NC_005225.1  NC_005223.1  NC_005224.1,True,True,True
Torchivirus A,NC_025890.1,False,False,False
Bos taurus polyomavirus 1,NC_001442.1,False,True,False
Bertioga orthobunyavirus,KY013487.1  KY013488.1  KY013489.1,False,True,True
Ikoma lyssavirus,NC_018629.1,True,True,True
Thogoto thogotovirus,NC_006508.1  NC_006495.1  NC_006496.1  NC_006506.1  NC_006507.1  NC_006504.1,True,True,True
Sosuga pararubulavirus,NC_025343.1,True,True,True
Human metapneumovirus,NC_004148.2,True,True,True
Eastern equine encephalitis virus,NC_003899.1,True,True,True
Batama orthobunyavirus,NC_038722.1,False,True,False
Rotterdam reptarenavirus,NC_018484.1  NC_018481.1,False,False,False
Bovine mastadenovirus C,AF027599.2,False,True,False
Yellow fever virus,JX898871.1,True,True,True
Tamdy orthonairovirus,NC_031284.1  NC_031285.1  NC_031286.1,True,True,True
Parechovirus A,NC_001897.1,True,True,True
Tacaribe mammarenavirus,NC_004292.1  NC_004293.1,True,True,True
White bream virus,NC_008516.1,False,False,False
Avian metaavulavirus 5,NC_025361.1,False,False,False
Ntaya virus,NC_018705.3,True,True,True
Thimiri orthobunyavirus,MH484336.1  MH484337.1  MH484338.1,False,False,False
Avian metapneumovirus,NC_007652.1,False,False,False
Phocine morbillivirus,NC_028249.1,False,True,False
Andes orthohantavirus,NC_003468.2  NC_003467.2  NC_003466.1,True,True,True
Madrid orthobunyavirus,NC_034497.1  NC_034505.1  NC_034498.1,True,True,True
Hepacivirus K,NC_038430.1,False,True,False
Mesocricetus auratus polyomavirus 1,NC_001663.2,False,True,False
Cosavirus D,NC_012802.1,True,True,True
Western chimpanzee simian foamy virus,NC_001364.1,True,True,True
Fusong orthohantavirus,NC_038447.1  NC_038446.1,False,True,False
Betacoronavirus 1,NC_006213.1,True,True,True
Rinderpest morbillivirus,NC_006296.2,False,True,False
Influenza C virus,KM504277.1  KM504278.1  KM504279.1  KM504280.1  KM504281.1  KM504282.1  KM504283.1,True,True,True
Panine betaherpesvirus 2,NC_003521.1,False,True,True
Alphapapillomavirus 12,NC_001678.1,False,True,True
Pseudocowpox virus,NC_013804.1,True,True,True
Uukuniemi phlebovirus,NC_005214.1  NC_005220.1  NC_005221.1,True,True,True
Human gammaherpesvirus 4,NC_007605.1,True,True,True
Guajara orthobunyavirus,NC_038734.1  NC_038733.1  NC_038732.1,False,True,False
Barmah Forest virus,NC_001786.1,True,True,True
Orf virus,NC_005336.1,True,True,True
Sakhalin orthonairovirus,KU925494.1  KU925495.1  KU925496.1,False,False,False
Rift Valley fever phlebovirus,NC_014397.1  NC_014396.1  NC_014395.1,True,True,True
Squirrelpox virus,NC_022563.1,False,True,False
Macacine gammaherpesvirus 5,NC_003401.1,False,True,True
Quezon mobatvirus,NC_034401.1  NC_034393.1  NC_034400.1,False,True,False
Bovine leukemia virus,NC_001414.1,True,True,True
Parapoxvirus of red deer in New Zealand,NC_025963.1,False,True,False
Maporal orthohantavirus,NC_034553.1  NC_034552.1  NC_034566.1,False,True,False
Koongol orthobunyavirus,KP792669.1  KP792668.1  KP792667.1,False,False,False
Cercopithecine betaherpesvirus 5,NC_012783.2,False,True,True
Kokobera virus,NC_032088.1,True,True,True
Anguillid perhabdovirus,NC_022581.1,False,False,False
Rhinovirus A,NC_001617.1,True,True,True
Bayou orthohantavirus,NC_038299.1  NC_038300.1  NC_038298.1,True,True,True
Western equine encephalitis virus,NC_003908.1,True,True,True
Human polyomavirus 2,NC_001699.1,True,True,True
Gamboa orthobunyavirus,NC_038729.1  NC_038730.1  NC_038731.1,False,False,False
Hepatovirus D,NC_028363.1,False,True,False
Ghanaian bat henipavirus,NC_025256.1,False,True,False
Adeno-associated dependoparvovirus B,NC_006152.1,True,True,True
Alphacoronavirus 1,NC_002306.3,False,True,False
Rhesus macaque simian foamy virus,NC_010819.1,True,True,True
Pipapillomavirus 1,NC_022647.1,False,True,False
Sin Nombre orthohantavirus,NC_005217.1  NC_005215.1  NC_005216.1,True,True,True
Human coronavirus HKU1,NC_006577.2,True,True,True
Marituba orthobunyavirus,NC_034495.1  NC_034504.1  NC_034496.1,True,True,True
Oriboca orthobunyavirus,NC_034475.1  NC_034488.1  NC_034476.1,True,True,True
Avastrovirus 3,NC_005790.1,False,False,False
Porcine orthorubulavirus,NC_009640.1,False,True,False
Mamastrovirus 8,GQ415660.1,True,True,True
Banzi virus,DQ859056.1,True,True,True
Vesicular exanthema of swine virus,NC_002551.1,True,True,True
Drosophila immigrans sigmavirus,NC_038280.1,False,False,False
Cosavirus E,NC_012798.1,True,True,True
Saboya virus,NC_033697.1,False,False,False
Kaeng Khoi orthobunyavirus,NC_034499.1  NC_034500.1  NC_034501.1,False,True,False
Whataroa virus,NC_016961.1,False,False,False
Human respirovirus 1,NC_003461.1,True,True,True
Variola virus,NC_001611.1,True,True,True
Dengue virus,NC_001477.1,True,True,True
Tupaiid betaherpesvirus 1,NC_002794.1,False,True,False
Ectromelia virus,NC_004105.1,False,True,False
Equine foamy virus,NC_002201.1,False,True,False
Yunnan orbivirus,NC_007656.1  NC_007657.1  NC_007658.1  NC_007659.1  NC_007660.1  NC_007661.1  NC_007662.1  NC_007663.1  NC_007664.1  NC_007665.1,False,False,False
Grivet simian foamy virus,NC_010820.1,True,True,True
Thailand orthohantavirus,NC_034556.1  NC_034563.1  NC_034555.1,False,True,False
Xipapillomavirus 1,NC_004197.1,False,True,False
Latino mammarenavirus,NC_010760.1  NC_010758.1,False,True,False
Pestivirus E,NC_024018.2,False,True,False
Mamastrovirus 5,KY765684.1,False,True,False
Cardiovirus C,NC_038305.1,False,True,False
Jembrana disease virus,U21603.1,False,True,False
Ball python nidovirus 1,NC_024709.1,False,False,False
Merino Walk mammarenavirus,NC_023763.1  NC_023764.1,False,True,False
Bunyamwera orthobunyavirus,NC_001925.1  NC_001926.1  NC_001927.1,True,True,True
Rochambeau curiovirus,NC_034534.1,False,False,False
Enterovirus F,NC_021220.1,False,True,False
Simian immunodeficiency virus,NC_001549.1,True,True,True
Carnivore protoparvovirus 1,NC_001539.1,False,True,False
Avian paraavulavirus 4,NC_019531.1,False,False,False
Golden reptarenavirus,NC_018482.1  NC_018483.1,False,False,False
Tacaiuma orthobunyavirus,MF497779.1  MF497777.1  MF497772.1,True,True,True
Seoul orthohantavirus,NC_005238.1  NC_005237.1  NC_005236.1,True,True,True
Crimean-Congo hemorrhagic fever orthonairovirus,NC_005301.3  NC_005300.2  NC_005302.1,True,True,True
California reptarenavirus,NC_023762.1  NC_023761.1,False,False,False
Dhori thogotovirus,NC_034261.1  NC_034263.1  NC_034254.1  NC_034255.1  NC_034262.1  NC_034256.1,True,True,True
Snakehead novirhabdovirus,NC_000903.1,False,False,False
Jurona vesiculovirus,NC_025392.1,True,True,True
Primate T-lymphotropic virus 3,EU649782.1,True,True,True
Zetapapillomavirus 1,NC_003748.1,False,True,False
Porcine mastadenovirus C,NC_002702.1,False,True,False
Camelpox virus,NC_003391.1,False,True,False
Iriri curiovirus,NC_034544.1,False,True,False
Loei River mammarenavirus,KC669693.1  KC669698.1,False,True,False
Manzanilla orthobunyavirus,NC_024076.1  NC_024074.1  NC_024075.1,False,True,False
Hedgehog coronavirus 1,NC_022643.1,False,True,False
Teviot pararubulavirus,NC_039198.1,False,True,False
Kadipiro virus,NC_004210.1  NC_004212.1  NC_004213.1  NC_004214.1  NC_004215.1  NC_004216.1  NC_004209.1  NC_004208.1  NC_004207.1  NC_004206.1  NC_004205.1  NC_004199.1,False,False,False
Guaroa orthobunyavirus,NC_034487.1  NC_034506.1  NC_034486.1,True,True,True
Meaban virus,NC_033721.1,False,False,False
Rodent protoparvovirus 1,NC_001510.1,False,True,False
Squirrel monkey retrovirus,NC_001514.1,False,True,True
Montana myotis leukoencephalitis virus,NC_004119.1,False,True,False
Khabarovsk orthohantavirus,NC_034519.1  NC_034518.1  NC_034527.1,False,True,False
Tylonycteris bat coronavirus HKU4,NC_009019.1,False,True,False
Patois orthobunyavirus,NC_043690.1  NC_043691.1  NC_043689.1,False,False,False
Adeno-associated dependoparvovirus A,NC_002077.1,True,True,True
Jutiapa virus,NC_026620.1,False,True,False
Bovine respirovirus 3,NC_002161.1,False,True,False
Macaca mulatta polyomavirus 1,NC_001669.1,True,True,True
Flexal mammarenavirus,NC_010759.1  NC_010757.1,True,True,True
Porcine mastadenovirus A,AC_000189.1,False,True,False
Alcelaphine gammaherpesvirus 2,NC_024382.1,False,True,False
Mouse mammary tumor virus,NC_001503.1,False,True,False
Bouboui virus,NC_033693.1,True,True,True
Canine morbillivirus,NC_001921.1,True,True,True
Bluetongue virus,NC_006023.1  NC_006013.2  NC_006014.1  NC_006024.2  NC_006025.1  NC_006010.1  NC_006022.1  NC_006007.1  NC_006008.1  NC_006015.1,False,True,False
Enterovirus G,NC_004441.1,False,True,False
Marburg marburgvirus,NC_001608.3,True,True,True
Cano Delgadito orthohantavirus,NC_034515.1  NC_034525.1  NC_034528.1,False,True,False
Hepatovirus G,NC_038316.1,False,True,False
Equine encephalosis virus,FJ183384.1  FJ183385.1  FJ183386.1  FJ183387.1  FJ183388.1  FJ183389.1  FJ183390.1  FJ183391.1  FJ183392.1  FJ183393.1,False,True,False
Human alphaherpesvirus 2,NC_001798.2,True,True,True
Callitrichine gammaherpesvirus 3,NC_004367.1,False,True,True
Cardiovirus A,NC_001479.1,True,True,True
Kairi orthobunyavirus,KR260738.1  KR260739.1  KR260740.1,False,True,False
Serra do Navio mammarenavirus,NC_010251.1  NC_010247.1,False,True,False
Bowe orthohantavirus,NC_034407.1  NC_034406.1  NC_034405.1,False,True,False
Mucambo virus,AF075253.1,True,True,True
Puma lentivirus,U03982.1,False,True,False
Kern Canyon ledantevirus,NC_034451.1,False,True,False
Luna mammarenavirus,NC_016153.1  NC_016152.1,False,True,False
Common moorhen coronavirus HKU21,NC_016996.1,False,False,False
Lambdapapillomavirus 2,NC_001619.1,False,True,False
Avian metaavulavirus 7,NC_025347.1,False,False,False
Night heron coronavirus HKU19,NC_016994.1,False,False,False
Ovine gammaherpesvirus 2,NC_007646.1,False,True,False
Bovine papular stomatitis virus,NC_005337.1,True,True,True
Chapare mammarenavirus,NC_010563.1  NC_010562.1,True,True,True
Nishimuro ledantevirus,NC_038276.1,False,True,False
Tupaia tupavirus,NC_007020.1,False,True,False
Lymphocytic choriomeningitis mammarenavirus,NC_004291.1  NC_004294.1,True,True,True
Primate T-lymphotropic virus 2,Y13051.1,True,True,True
Hepatitis B virus,AJ344115.1,True,True,True
Hepatovirus F,NC_038315.1,False,True,False
Tamiami mammarenavirus,NC_010702.1  NC_010701.1,False,True,False
Cosavirus B,NC_012801.1,True,True,True
Mason-Pfizer monkey virus,NC_001550.1,False,True,True
Phasi Charoen-like phasivirus,NC_038262.1  NC_038261.1  NC_038263.1,False,False,False
Saimiriine gammaherpesvirus 2,NC_001350.1,False,True,True
Psittaciform 1 orthobornavirus,NC_030688.1,False,False,False
Pirital mammarenavirus,NC_005897.1  NC_005894.1,False,True,False
Rabbit hemorrhagic disease virus,NC_001543.1,False,True,False
Rice yellow stunt nucleorhabdovirus,NC_003746.1,False,False,False
Woolly monkey sarcoma virus,NC_009424.5,False,True,True
Omikronpapillomavirus 1,JN709471.1,False,True,False
Murid betaherpesvirus 2,NC_002512.2,False,True,False
Perch perhabdovirus,NC_020803.1,False,False,False
Hazara orthonairovirus,NC_038709.1  NC_038710.1  NC_038711.1,False,False,False
Mink coronavirus 1,NC_023760.1,False,True,False
Yichang insect goukovirus,NC_031320.1  NC_031321.1  NC_031322.1,False,False,False
Aalivirus A,NC_023985.1,False,False,False
Hepacivirus E,KC815310.1,False,True,False
Jeju orthohantavirus,NC_034399.1  NC_034404.1  NC_034398.1,False,True,False
Gibbon ape leukemia virus,KT724048.1,False,True,True
Bovine atadenovirus D,NC_002685.2,False,True,False
Lunk mammarenavirus,NC_018711.1  NC_018710.1,False,True,False
Cowpox virus,NC_003663.2,True,True,True
Rotavirus H,NC_007548.1  NC_007549.1  NC_007550.1  NC_007551.1  NC_007552.1  NC_007553.1  NC_007554.1  NC_007555.1  NC_007556.1  NC_007557.1  NC_007558.1,True,True,True
Ungulate protoparvovirus 1,NC_001718.1,False,True,False
Umatilla virus,NC_024503.1  NC_024504.1  NC_024505.1  NC_024506.1  NC_024507.1  NC_024508.1  NC_024509.1  NC_024510.1  NC_024499.1  NC_024500.1,False,False,False
Equid alphaherpesvirus 3,NC_024771.1,False,True,False
Rotavirus I,NC_026825.2  NC_026826.2  NC_026828.2  NC_026827.2  NC_026820.2  NC_026829.2  NC_026821.2  NC_026822.2  NC_026830.2  NC_026823.2  NC_026824.2,False,True,False
Allpahuayo mammarenavirus,NC_010249.1  NC_010253.1,False,True,False
Fugong orthohantavirus,NC_034467.1  NC_034466.1  NC_034473.1,False,True,False
New Jersey vesiculovirus,NC_024473.1,True,True,True
Itacaiunas curiovirus,NC_034536.1,False,False,False
Avastrovirus 1,NC_002470.1,False,False,False
Equid gammaherpesvirus 2,NC_001650.2,False,True,False
Corriparta virus,KC853042.1  KC853043.1  KC853044.1  KC853045.1  KC853046.1  KC853047.1  KC853048.1  KC853049.1  KC853050.1  KC853051.1,False,False,False
Feline immunodeficiency virus,NC_001482.1,False,True,False
Alajuela orthobunyavirus,NC_038717.1  NC_038715.1  NC_038716.1,False,False,False
Laibin mobatvirus,NC_038515.1  NC_038513.1  NC_038514.1,False,True,False
American bat vesiculovirus,NC_022755.1,False,True,False
Dugbe orthonairovirus,NC_004159.1  NC_004158.1  NC_004157.1,True,True,True
Equid alphaherpesvirus 4,NC_001844.1,False,True,False
Molluscum contagiosum virus,NC_001731.1,True,True,True
Curionopolis curiovirus,NC_025354.1,False,False,False
Pegivirus F,NC_038434.1,False,True,False
Schmallenberg orthobunyavirus,NC_018463.1  NC_018467.1  NC_018464.1,True,True,True
Human mastadenovirus B,AC_000019.1,True,True,True
Sheeppox virus,NC_004002.1,False,True,False
Malpais Spring vesiculovirus,NC_025364.1,False,False,False
Lassa mammarenavirus,NC_004297.1  NC_004296.1,True,True,True
Ground squirrel hepatitis virus,NC_001484.1,False,True,False
Passerivirus A,NC_014411.1,False,False,False
Human alphaherpesvirus 3,NC_001348.1,True,True,True
Turlock orthobunyavirus,MK514125.1  MK514122.1  MK514119.1,False,False,False
Avian paraavulavirus 3,NC_025373.1,False,False,False
Achimota pararubulavirus 1,NC_025403.1,False,True,False
Porcine circovirus 2,NC_005148.1,False,True,False
Human coronavirus 229E,NC_002645.1,True,True,True
Tuhoko pararubulavirus 1,NC_025410.1,False,True,False
Hepacivirus F,NC_038427.1,False,True,False
Saumarez Reef virus,NC_033726.1,False,False,False
Peruvian horse sickness virus,NC_007748.1  NC_007749.1  NC_007750.1  NC_007751.1  NC_007755.1  NC_007752.1  NC_007756.1  NC_007754.1  NC_007753.1  NC_007757.1,False,True,False
Chilibre phlebovirus,MK330756.1  MK330757.1  MK330758.1,False,False,False
Murine mastadenovirus A,NC_000942.1,False,True,False
Mammalian orthorubulavirus 5,NC_006430.1,True,True,True
Bear Canyon mammarenavirus,NC_010255.1  NC_010256.1,False,True,False
Rockport orthohantavirus,NC_038695.1  NC_038694.1  NC_038696.1,False,True,False
Kasokero orthonairovirus,NC_036636.1  NC_029933.1  NC_029932.1,True,True,True
Achimota pararubulavirus 2,NC_025404.1,False,True,False
Pegivirus G,NC_038435.1,False,True,False
Rotavirus C,NC_007547.1  NC_007546.1  NC_007572.1  NC_007574.1  NC_007570.1  NC_007543.1  NC_007544.1  NC_007571.1  NC_007545.1  NC_007569.1  NC_007573.1,True,True,True
Epsilonpapillomavirus 1,NC_004195.1,False,True,False
Iotapapillomavirus 1,NC_001605.1,False,True,False
Orthohepevirus B,NC_023425.1,False,False,False
Porcine respirovirus 1,NC_025402.1,False,True,False
Changuinola virus,NC_022639.1  NC_022633.1  NC_022634.1  NC_022640.1  NC_022635.1  NC_022641.1  NC_022636.1  NC_022637.1  NC_022642.1  NC_022638.1,True,True,True
Bovine nidovirus 1,NC_027199.1,False,True,False
Lujo mammarenavirus,NC_012777.1  NC_012776.1,True,True,True
Drosophila affinis sigmavirus,NC_038278.1,False,False,False
Mus musculus polyomavirus 1,NC_001515.2,False,True,False
Equine infectious anemia virus,NC_001450.1,False,True,False
Kappapapillomavirus 2,NC_001541.1,False,True,False
Mosavirus A,NC_023987.1,False,False,False
Mischivirus A,NC_034381.1,False,True,False
Primate erythroparvovirus 1,NC_000883.2,True,True,True
Drosophila X virus,NC_004177.1  NC_004169.1,False,False,False
Gairo mammarenavirus,NC_026247.1  NC_026246.1,False,True,False
Rabovirus A,NC_026314.1,False,True,False
Yaba monkey tumor virus,NC_005179.1,True,True,True
Enterovirus A,KU254596.1,True,True,True
Cervid alphaherpesvirus 2,MH036943.1,False,True,False
Parechovirus C,NC_021482.1,False,True,False
Murine mastadenovirus B,NC_014899.1,False,True,False
Lebombo virus,JQ610665.1  JQ610666.1  JQ610667.1  JQ610668.1  JQ610669.1  JQ610670.1  JQ610671.1  JQ610672.1  JQ610673.1  JQ610674.1,True,True,True
Oliveros mammarenavirus,NC_010250.1  NC_010248.1,False,True,False
Ferak feravirus,KP710246.1  KP710264.1  KP710267.1,False,False,False
Chinook salmon nidovirus 1,NC_026812.1,False,False,False
Avian orthoavulavirus 1,NC_039223.1,True,True,True
Whitewater Arroyo mammarenavirus,NC_010703.1  NC_010700.1,True,True,True
Mammalian 2 orthobornavirus,NC_030701.1,True,True,True
Wenzhou mammarenavirus,NC_026019.1  NC_026018.1,False,True,False
Main Drain orthobunyavirus,MH484309.1  MH484310.1  MH484311.1,False,True,False
Nova mobatvirus,NC_034465.1  NC_034470.1  NC_034464.1,False,True,False
Eyach virus,NC_003696.1  NC_003697.1  NC_003698.1  NC_003699.1  NC_003700.1  NC_003701.1  NC_003702.1  NC_003703.1  NC_003704.1  NC_003705.1  NC_003706.1  NC_003707.1,False,True,False
Avisivirus C,NC_024767.1,False,False,False
Barur ledantevirus,NC_034535.1,False,True,False
Severe acute respiratory syndrome-related coronavirus,NC_004718.3,True,True,True
Jaagsiekte sheep retrovirus,NC_001494.1,False,True,False
Bovine immunodeficiency virus,NC_001413.1,False,True,False
Equine mastadenovirus B,NC_027705.1,False,True,False
Micromonas pusilla reovirus,NC_008171.1  NC_008172.1  NC_008173.1  NC_008174.1  NC_008175.1  NC_008176.1  NC_008177.1  NC_008178.1  NC_008179.1  NC_008180.1  NC_008181.1,False,False,False
Hepacivirus G,KJ950938.1,False,True,False
Volepox virus,NC_031033.1,False,True,False
Waterbird 1 orthobornavirus,NC_029642.1,False,False,False
Potamipivirus A,NC_022332.1,False,False,False
Phnom Penh bat virus,NC_034007.1,False,True,False
Dera Ghazi Khan orthonairovirus,KU925437.1  KU925438.1  KU925439.1,False,False,False
Visna-maedi virus,NC_001452.1,False,True,False
Equid gammaherpesvirus 5,NC_026421.1,False,True,False
Hepatovirus B,NC_027818.1,False,True,False
Thiafora orthonairovirus,NC_029909.1  NC_029934.1  NC_029910.1,True,True,True
Feline foamy virus,NC_001871.1,False,True,False
Hepacivirus C,NC_004102.1,True,True,True
Marco hapavirus,NC_034530.1,False,False,False
Mamastrovirus 13,NC_002469.1,False,True,False
Imjin thottimvirus,NC_034564.1  NC_034557.1  NC_034558.1,False,True,False
Keuraliba ledantevirus,NC_034540.1,False,True,False
Tuhoko pararubulavirus 3,NC_025350.1,False,True,False
Hepacivirus L,NC_031916.1,False,True,False
Hepatovirus I,NC_028364.1,False,True,False
Sapporo virus,NC_006554.1,True,True,True
Rice hoja blanca tenuivirus,NC_036597.1  NC_036598.1  NC_036602.1  NC_036599.1,False,False,False
Canine mastadenovirus A,NC_001734.1,False,True,False
Mus musculus polyomavirus 2,NC_001505.2,False,True,False
Avisivirus A,NC_038304.1,False,False,False
Nupapillomavirus 1,NC_001354.1,True,True,True
Murid betaherpesvirus 1,NC_004065.1,False,True,False
Tula orthohantavirus,NC_005226.1  NC_005228.1  NC_005227.2,True,True,True
Mamastrovirus 9,NC_013060.1,True,True,True
Hunnivirus A,NC_018668.1,False,True,False
Hepacivirus H,KJ950939.1,False,True,False
Salmonid novirhabdovirus,NC_001652.1,False,False,False
Rio Bravo virus,JQ582840.1,True,True,True
Bovine rhinitis B virus,NC_010354.1,False,True,False
Nairobi sheep disease orthonairovirus,NC_034387.1  NC_034391.1  NC_034386.1,False,True,False
Avian metaavulavirus 8,NC_039195.1,False,False,False
Bat coronavirus HKU10,NC_018871.1,False,True,False
Rousettus bat coronavirus HKU9,NC_009021.1,False,True,False
Radi vesiculovirus,NC_038287.1,False,False,False
Carnivore bocaparvovirus 1,NC_004442.1,False,True,False
Tree shrew mastadenovirus A,AC_000190.1,False,True,False
Kamese hapavirus,NC_034450.1,False,False,False
Aquareovirus G,NC_010584.1  NC_010585.1  NC_010586.1  NC_010587.1  NC_010588.1  NC_010589.1  NC_010590.1  NC_010591.1  NC_010592.1  NC_010593.1  NC_010594.1,False,False,False
Human coronavirus NL63,NC_005831.2,True,True,True
Montano orthohantavirus,NC_034403.1  NC_034397.1  NC_034396.1,False,True,False
Rice dwarf virus,NC_003760.1  NC_003761.1  NC_003762.1  NC_003763.1  NC_003764.1  NC_003765.1  NC_003766.1  NC_003767.1  NC_003768.1  NC_003772.1  NC_003773.1  NC_003774.1,False,False,False
Drosophila obscura sigmavirus,NC_022580.1,False,False,False
Ovine atadenovirus D,NC_004037.2,False,True,False
Beluga whale coronavirus SW1,NC_010646.1,False,True,False
Canid alphaherpesvirus 1,NC_030117.1,False,True,False
Human orthorubulavirus 2,NC_003443.1,True,True,True
Mammalian 1 orthobornavirus,NC_001607.1,True,True,True
Feline leukemia virus,NC_001940.1,False,True,False
Human orthorubulavirus 4,NC_021928.1,True,True,True
Kibale herbevirus,NC_034460.1  NC_034468.1  NC_034458.1,False,False,False
Orungo virus,JQ610675.1  JQ610676.1  JQ610677.1  JQ610678.1  JQ610679.1  JQ610680.1  JQ610681.1  JQ610682.1  JQ610683.1  JQ610684.1,True,True,True
Pestivirus B,NC_002032.1,False,True,False
Moussa virus,NC_025359.1,False,False,False
Limnipivirus A,NC_018506.1,False,False,False
Woodchuck hepatitis virus,NC_004107.1,False,True,False
Cumuto goukovirus,KF543244.1  KF543245.1  KF543246.1,False,False,False
Raccoonpox virus,NC_027213.1,False,True,False
Bovine mastadenovirus B,AC_000002.1,False,True,False
Human respirovirus 3,NC_001796.2,True,True,True
Elapid 1 orthobornavirus,NC_024778.1,False,False,False
Rice ragged stunt virus,NC_003759.1  NC_003757.1  NC_003749.1  NC_003769.1  NC_003750.1  NC_003751.1  NC_003771.1  NC_003752.1  NC_003770.1  NC_003758.1,False,False,False
Pipistrellus bat coronavirus HKU5,NC_009020.1,False,True,False
Dobrava-Belgrade orthohantavirus,NC_005235.1  NC_005234.1  NC_005233.1,True,True,True
Cao Bang orthohantavirus,NC_034485.1  NC_034474.1  NC_034484.1,False,True,False
Rabbit fibroma virus,NC_001266.1,False,True,False
White-eye coronavirus HKU16,NC_016991.1,False,False,False
Insect shangavirus,NC_031221.1  NC_031222.1  NC_031223.1,False,False,False
Zegla orthobunyavirus,NC_043687.1  NC_043688.1  NC_043686.1,False,True,False
Orthohepevirus D,NC_018382.1,False,True,False
Chobar Gorge virus,NC_027553.1  NC_027554.1  NC_027555.1  NC_027556.1  NC_027557.1  NC_027558.1  NC_027559.1  NC_027560.1  NC_027561.1  NC_027562.1,False,False,False
Hantaan orthohantavirus,NC_005218.1,True,True,True
Maraba vesiculovirus,NC_025255.1,False,True,False
Wad Medani virus,NC_027533.1  NC_027539.1  NC_027540.1  NC_027541.1  NC_027542.1  NC_027543.1  NC_027544.1  NC_027545.1  NC_027546.1  NC_027547.1,False,False,False
Reptilian orthoreovirus,NC_023813.1  NC_023814.1  NC_023819.1  NC_023816.1  NC_023815.1  NC_023820.1  NC_023822.1  NC_023821.1  NC_023817.1  NC_023818.1,False,False,False
Aichivirus A,AY747174.1,True,True,True
Sapelovirus B,NC_004451.1,False,True,False
Yellowtail ascites virus,NC_004168.1  NC_004176.1,False,False,False
Choclo orthohantavirus,NC_038374.1  NC_038373.1,True,True,True
Rotavirus D,NC_014511.1  NC_014512.1  NC_014513.1  NC_014514.1  NC_014515.1  NC_014516.1  NC_014517.1  NC_014518.1  NC_014519.1  NC_014520.1  NC_014521.1,False,False,False
African swine fever virus,NC_001659.2,False,True,False
Wound tumor virus,NC_038948.1  NC_038944.1  NC_038949.1  NC_038945.1  NC_038951.1  NC_038946.1  NC_038950.1  NC_038947.1  NC_038952.1,False,False,False
Rabbit picobirnavirus,NC_038919.1,False,True,False
Maize fine streak nucleorhabdovirus,NC_005974.1,False,False,False
Avian metaavulavirus 11,NC_025407.1,False,False,False
Chandipura vesiculovirus,NC_020805.1,True,True,True
Coffee ringspot dichorhavirus,NC_038756.1  NC_038755.1,False,False,False
Equid alphaherpesvirus 1,NC_001491.2,False,True,False
Okahandja mammarenavirus,NC_027137.1  NC_027135.1,False,True,False
Rhinolophus bat coronavirus HKU2,NC_009988.1,False,True,False
Bovine rhinitis A virus,NC_038303.1,False,True,False
Lettuce big-vein associated varicosavirus,NC_011558.1  NC_011568.1,False,False,False
Fly wubeivirus,NC_031298.1  NC_031295.1  NC_031297.1,False,False,False
Monkeypox virus,NC_003310.1,True,True,True
Estero Real orthonairovirus,MH017280.1  MH017286.1  MH017274.1,False,False,False
Mumps orthorubulavirus,NC_002200.1,True,True,True
Mischivirus C,NC_026470.1,False,True,False
Keterah orthonairovirus,NC_034392.1  NC_034388.1  NC_034389.1,False,False,False
Moloney murine sarcoma virus,NC_001502.1,False,True,False
Rodent protoparvovirus 2,AF036710.1,False,True,False
Drosophila ananassae sigmavirus,NC_038279.1,False,False,False
Paraguayan mammarenavirus,NC_010761.1  NC_010756.1,False,True,False
Cocal vesiculovirus,NC_028255.1,True,True,True
Lumpy skin disease virus,NC_003027.1,False,True,False
Wutai mosquito phasivirus,NC_031317.1  NC_031318.1  NC_031319.1,False,False,False
Rubella virus,NC_001545.2,True,True,True
Modoc virus,NC_003635.1,False,True,False
Quaranfil quaranjavirus,GQ499302.1  GQ499303.1  FJ861695.1  JN412853.1  FJ861694.1  GQ499304.1,True,True,True
Kenkeme orthohantavirus,NC_034560.1  NC_034565.1  NC_034559.1,False,True,False
Luxi orthohantavirus,NC_038529.1  NC_038528.1  NC_038530.1,False,True,False
Kimberley ephemerovirus,NC_025396.1,False,False,False
Goatpox virus,NC_004003.1,False,True,False
Oita ledantevirus,NC_034548.1,False,True,False
Swinepox virus,NC_003389.1,False,True,False
Cercopithecine alphaherpesvirus 2,NC_006560.1,False,True,True
Deltapapillomavirus 2,NC_001523.1,False,True,False
Gouleako goukovirus,HQ541738.1  HQ541737.1  HQ541736.1,False,True,False
Nilaparvata lugens reovirus,NC_003654.1  NC_003655.1  NC_003656.1  NC_003657.1  NC_003658.1  NC_003659.1  NC_003660.1  NC_003653.1  NC_003661.1  NC_003652.1,False,False,False
Middle East respiratory syndrome-related coronavirus,NC_019843.3,True,True,True
Pegivirus K,NC_034442.1,False,True,False
Newbury 1 virus,NC_007916.1,False,True,False
Murine coronavirus,NC_012936.1,False,True,False
Brazilian mammarenavirus,NC_006313.1  NC_006317.1,True,True,True
Enterovirus I,KP345887.1,False,True,False
Mosqueiro hapavirus,NC_034448.1,False,False,False
Orthohepevirus C,GU345042.1,False,True,False
Herbert herbevirus,JQ659256.1  JQ659257.1  JQ659258.1,False,True,False
Nipah henipavirus,NC_002728.1,True,True,True
Avian coronavirus,NC_001451.1,False,False,False
Aichivirus F,KJ641694.1,False,True,False
Avihepatovirus A,NC_008250.2,False,False,False
Pestivirus I,NC_018713.1,False,True,False
Piscine novirhabdovirus,NC_000855.1,False,False,False
Cetacean morbillivirus,NC_005283.1,False,True,False
Tuhoko pararubulavirus 2,NC_025348.1,False,True,False
Alcelaphine gammaherpesvirus 1,NC_002531.1,False,True,False
Aedes pseudoscutellaris reovirus,NC_007666.1  NC_007667.1  NC_007668.1  NC_007669.1  NC_007670.1  NC_007671.1  NC_007672.1  NC_007673.1  NC_007674.1,False,False,False
Rice stripe tenuivirus,NC_003755.1  NC_003754.1  NC_003776.1  NC_003753.1,False,False,False
Mamastrovirus 2,NC_024701.1,False,True,False
Eggplant mottled dwarf nucleorhabdovirus,NC_025389.1,False,False,False
Suid alphaherpesvirus 1,NC_006151.1,False,True,False
Small ruminant morbillivirus,NC_006383.2,False,True,False
Ovine mastadenovirus A,NC_002513.1,False,True,False
Equine torovirus,MG996765.1,False,True,False
Solwezi mammarenavirus,NC_038366.1  NC_038367.1,False,True,False
Bovine alphaherpesvirus 5,NC_005261.2,False,True,False
Mobala mammarenavirus,NC_007904.1  NC_007903.1,False,True,False
Hirame novirhabdovirus,NC_005093.1,False,False,False
Avian metaavulavirus 6,NC_039194.1,False,False,False
European brown hare syndrome virus,NC_002615.1,False,True,False
Macacine betaherpesvirus 3,NC_006150.1,False,True,True
Mamastrovirus 10,NC_004579.1,False,True,False
Parechovirus D,NC_034453.1,False,True,False
Gallivirus A,NC_018400.1,False,False,False
Indiana vesiculovirus,NC_038236.1,True,True,True
Caviid betaherpesvirus 2,NC_020231.1,False,True,False
Pike fry sprivivirus,NC_025371.1,False,False,False
Reptilian ferlavirus,NC_005084.2,False,False,False
Ampivirus A,NC_027214.1,False,False,False
Dabieshan orthohantavirus,NC_038383.1  NC_038384.1,False,False,False
Avian leukosis virus,KY235336.1,False,False,False
Cypovirus 2,NC_023491.1  NC_023486.1  NC_023492.1  NC_023487.1  NC_023488.1  NC_023493.1  NC_023489.1  NC_023494.1  NC_023490.1  NC_023495.1,False,False,False
African horse sickness virus,NC_006021.1  NC_005996.1  NC_006017.1  NC_006012.1  NC_006020.1  NC_006018.1  NC_006011.1  NC_006019.1  NC_006016.1  NC_006009.1,False,True,False
Strawberry crinkle cytorhabdovirus,MH129615.1,False,False,False
Bovine fever ephemerovirus,NC_002526.1,False,True,False
Liao ning virus,NC_007736.1  NC_007737.1  NC_007738.1  NC_007739.1  NC_007740.1  NC_007741.1  NC_007742.1  NC_007743.1  NC_007744.1  NC_007745.1  NC_007746.1  NC_007747.1,False,False,False
Ngaingan hapavirus,NC_013955.1,False,False,False
Thottopalayam thottimvirus,NC_010707.1  NC_010708.1  NC_010704.1,True,True,True
Epizootic hemorrhagic disease virus,NC_013396.1  NC_013397.1  NC_013398.1  NC_013399.1  NC_013400.1  NC_013401.1  NC_013403.1  NC_013402.1  NC_013404.1  NC_013405.1,False,True,False
Senecavirus A,NC_011349.1,False,True,False
Porcine torovirus,NC_022787.1,False,True,False
Gray Lodge hapavirus,NC_034541.1,False,False,False
Orchid fleck dichorhavirus,NC_009608.1  NC_009609.1,False,False,False
Murine respirovirus,NC_001552.1,False,True,False
Cypovirus 15,NC_002557.1  NC_002558.1  NC_002559.1  NC_002567.1  NC_002560.1  NC_002561.1  NC_002562.1  NC_002563.1  NC_002564.1  NC_002565.1  NC_002566.1,False,False,False
Aichivirus C,NC_011829.1,False,True,False
Equid alphaherpesvirus 9,NC_011644.1,False,True,False
Passeriform 1 orthobornavirus,NC_030690.1,False,False,False
Bruges orthohantavirus,NC_034402.1  NC_034395.1  NC_034394.1,False,True,False
Eubenangee virus,JQ070376.1  JQ070377.1  JQ070378.1  JQ070379.1  JQ070380.1  JQ070381.1  JQ070382.1  JQ070383.1  JQ070384.1  JQ070385.1,False,True,False
Barley yellow striate mosaic cytorhabdovirus,NC_028244.1,False,False,False
Nkolbisson ledantevirus,NC_034539.1,True,True,True
Rosavirus A,NC_024070.1,True,True,True
Northern cereal mosaic cytorhabdovirus,NC_002251.1,False,False,False
Fathead minnow nidovirus 1,NC_038295.1,False,False,False
Wigeon coronavirus HKU20,NC_016995.1,False,False,False
Hepatovirus E,NC_038314.1,False,True,False
Pegivirus A,NC_001837.1,True,True,True
Avian orthoavulavirus 13,NC_030231.1,False,False,False
Papiine alphaherpesvirus 2,NC_007653.1,False,True,True
Tete orthobunyavirus,KM972719.1  KM972720.1  KM972721.1,False,False,False
Avian orthoavulavirus 9,NC_025390.1,False,False,False
Parechovirus B,NC_003976.2,True,True,True
Equine rhinitis A virus,NC_003982.1,True,True,True
Perinet vesiculovirus,NC_025394.1,False,False,False
Sangassou orthohantavirus,NC_034517.1  NC_034516.1  NC_034526.1,False,True,False
Fikirini ledantevirus,NC_025341.1,False,True,False
Datura yellow vein nucleorhabdovirus,NC_028231.1,False,False,False
Mossuril hapavirus,NC_038275.1,False,False,False
Ateline alphaherpesvirus 1,NC_034446.1,False,True,True
Taro vein chlorosis nucleorhabdovirus,NC_006942.1,False,False,False
Felid alphaherpesvirus 1,NC_013590.2,False,True,False
Arboretum almendravirus,NC_025393.1,False,False,False
Cali mammarenavirus,NC_006439.1  NC_006447.1,False,True,False
Mapuera orthorubulavirus,NC_009489.1,False,True,False
Great Island virus,NC_014522.1  NC_014523.1  NC_014524.1  NC_014525.1  NC_014526.1  NC_014527.1  NC_014528.1  NC_014529.1  NC_014530.1  NC_014531.1,True,True,True
Chenuda virus,KP268794.1  KP268795.1  KP268796.1  KP268797.1  KP268798.1  KP268799.1  KP268800.1  KP268801.1  KP268802.1  KP268803.1,False,False,False
Influenza D virus,NC_036616.1  NC_036615.1  NC_036619.1  NC_036618.1  NC_036617.1  NC_036620.1  NC_036621.1,False,True,False
Aichivirus B,NC_004421.1,False,True,False
Scotophilus bat coronavirus 512,NC_009657.1,False,True,False
Bovine alphaherpesvirus 1,NC_001847.1,False,True,False
Mojiang henipavirus,NC_025352.1,False,True,False
Mount Elgon bat ledantevirus,NC_034545.1,False,True,False
Aichivirus E,KT325852.1,False,True,False
Bovine foamy virus,NC_001831.1,False,True,False
Tanapox virus,NC_002642.1,True,True,True
Yata ephemerovirus,NC_028241.1,False,False,False
Carajas vesiculovirus,NC_038285.1,False,False,False
Colocasia bobone disease-associated cytorhabdovirus,NC_034551.1,False,False,False
Macropodid alphaherpesvirus 1,NC_029132.1,False,True,False
Mycoreovirus 3,NC_007535.1  NC_007533.1  NC_007536.1  NC_007524.1  NC_007534.1  NC_007525.1  NC_007526.1  NC_007527.1  NC_007528.1  NC_007529.1  NC_007531.1  NC_007532.1,False,False,False
Le Dantec ledantevirus,NC_034443.1,True,True,True
Bat mumps orthorubulavirus,NC_038271.1,False,True,False
Myxoma virus,NC_001132.2,False,True,False
Fukuoka ledantevirus,NC_034454.1,False,True,False
Potato yellow dwarf nucleorhabdovirus,NC_016136.1,False,False,False
Human betaherpesvirus 7,NC_001716.2,True,True,True
Hepatovirus H,NC_028365.1,False,True,False
Badu phasivirus,NC_038257.1  NC_038258.1  NC_038259.1,False,False,False
Kumasi ledantevirus,NC_028236.1,False,True,False
Pestivirus C,NC_002657.1,False,True,False
St Croix River virus,NC_005997.1  NC_005998.1  NC_005999.1  NC_006000.1  NC_006001.1  NC_006002.1  NC_006003.1  NC_006004.1  NC_006005.1  NC_006006.1,False,False,False
Alphaarterivirus equid,NC_002532.2,False,True,False
Human mastadenovirus F,NC_001454.1,True,True,True
Equid alphaherpesvirus 8,NC_017826.1,False,True,False
Hendra henipavirus,NC_001906.3,True,True,True
Reptile sunshinevirus 1,NC_025345.1,False,False,False
Kappaarterivirus wobum,NC_026811.2,False,True,False
Teschovirus A,NC_003985.1,False,True,False
Rice black streaked dwarf virus,NC_003728.1  NC_003729.1  NC_003730.1  NC_003731.1  NC_003732.1  NC_003733.1  NC_003734.1  NC_003735.1  NC_003736.1  NC_003737.1,False,False,False
Cervid alphaherpesvirus 1,MH036942.1,False,True,False
Menangle pararubulavirus,NC_007620.1,True,True,True
Aquareovirus A,NC_007582.1  NC_007583.1  NC_007584.1  NC_007586.1  NC_007592.1  NC_007585.1  NC_007587.1  NC_007588.1  NC_007589.1  NC_007590.1  NC_007591.1,False,False,False
Sena Madureira sripuvirus,NC_034529.1,False,False,False
Pegivirus J,KC815311.1,False,True,False
Yongjia ledantevirus,NC_031305.1,False,False,False
Tioman pararubulavirus,NC_004074.1,False,True,False
Salmon aquaparamyxovirus,NC_025360.1,False,False,False
Rice gall dwarf virus,NC_009245.1  NC_009241.1  NC_009248.1  NC_009242.1  NC_009249.1  NC_009243.1  NC_009250.1  NC_009244.1  NC_009251.1  NC_009252.1  NC_009246.1  NC_009247.1,False,False,False
Foot-and-mouth disease virus,NC_004004.1,True,True,True
Carp sprivivirus,NC_002803.1,False,False,False
Rotavirus B,NC_021541.1  NC_021545.1  NC_021551.1  NC_021543.1  NC_021546.1  NC_021544.1  NC_021547.1  NC_021548.1  NC_021542.1  NC_021550.1  NC_021549.1,True,True,True
Landjia hapavirus,NC_034533.1,False,False,False
Macacine alphaherpesvirus 1,NC_004812.1,True,True,True
Guanarito mammarenavirus,NC_005082.1  NC_005077.1,True,True,True
Bovine gammaherpesvirus 4,NC_002665.1,False,True,False
Cedar henipavirus,NC_025351.1,False,True,False
Salmon isavirus,NC_006503.1  NC_006505.1  NC_006502.1  NC_006501.1  NC_006500.2  NC_006499.1  NC_006498.1  NC_006497.1,False,False,False
Sonchus yellow net nucleorhabdovirus,NC_001615.3,False,False,False
Thetaarterivirus mikelba 1,NC_025112.1,False,True,True
Deltapapillomavirus 3,NC_001789.1,False,True,False
Kolente ledantevirus,NC_025342.1,False,True,False
Porcine type-C oncovirus,GU980187.1,False,True,False
Cadicivirus A,NC_021178.1,False,True,False
Deltapapillomavirus 4,NC_001522.1,False,True,False
Pegivirus H,NC_027998.2,True,True,True
Cypovirus 5,NC_010670.1  NC_010669.1  NC_010668.1  NC_010667.1  NC_010666.1  NC_010665.1  NC_010662.1  NC_010664.1  NC_010663.1  NC_010661.1,False,False,False
Maize stripe tenuivirus,NC_038751.1  NC_038754.1  NC_038752.1  NC_038753.1,False,False,False
Betaarterivirus chinrav 1,NC_028963.1,False,True,False
Aquareovirus B,NC_038630.1  NC_038629.1  NC_038624.1  NC_038625.1  NC_038631.1  NC_038626.1  NC_038627.1  NC_038632.1  NC_038628.1  NC_038633.1,False,False,False
Munia coronavirus HKU13,NC_011550.1,False,False,False
Pestivirus H,NC_012812.1,False,True,False
Koolpinyah ephemerovirus,NC_028239.1,False,True,False
Tai herbevirus,NC_034459.1  NC_034461.1  NC_034457.1,False,False,False
Jonchet jonvirus,KP710232.1  KP710240.1  KP710243.1,False,False,False
Maize rough dwarf virus,NC_037570.1  NC_037578.1  NC_037572.1  NC_037571.1  NC_028465.1  NC_037573.1  NC_037574.1  NC_037575.1  NC_037576.1  NC_037577.1,False,False,False
Limnipivirus C,NC_023437.1,False,False,False
Avian metaavulavirus 10,NC_025349.3,False,False,False
Avian orthoavulavirus 12,NC_025363.1,False,False,False
Bulbul coronavirus HKU11,NC_011547.1,False,False,False
Rotavirus A,EF554137.1  EF554138.1  EF554139.1  EF554140.1  EF554143.1  EF554141.1  EF554145.1  EF554142.1  EF554144.1  EF554146.1  EF554147.1,True,True,True
Cypovirus 14,NC_003006.1  NC_003007.1  NC_003008.1  NC_003009.1  NC_003010.1  NC_003011.1  NC_003012.1  NC_003013.1  NC_003014.1  NC_003015.1,False,False,False
Lambdaarterivirus afriporav,NC_026439.1,False,True,False
Colorado tick fever virus,NC_004181.1  NC_004182.1  NC_004183.1  NC_004184.1  NC_004185.1  NC_004186.1  NC_004187.1  NC_004188.1  NC_004180.1  NC_004189.1  NC_004191.1  NC_004190.1,True,True,True
Hepacivirus J,NC_038429.1,False,True,False
Banna virus,NC_004211.1  NC_004217.1  NC_004218.1  NC_004219.1  NC_004220.1  NC_004221.1  NC_004204.1  NC_004203.1  NC_004202.1  NC_004201.1  NC_004200.1  NC_004198.1,True,True,True
Lambdapapillomavirus 1,NC_004765.1,False,True,False
Sripur sripuvirus,NC_034542.1,False,False,False
Pestivirus D,NC_003679.1,False,True,False
Bubaline alphaherpesvirus 1,KU936049.1,False,True,False
Avian orthoreovirus,NC_015126.1  NC_015128.1  NC_015127.1  NC_015129.1  NC_015130.1  NC_015131.1  NC_015132.1  NC_015133.1  NC_015134.1  NC_015135.1,False,False,False
Fiji disease virus,NC_007159.1  NC_007154.1  NC_007158.1  NC_007155.1  NC_007160.1  NC_007157.1  NC_007163.1  NC_007161.1  NC_007156.1  NC_007162.1,False,False,False
Anativirus A,NC_006553.1,False,False,False
Porcine circovirus 1,NC_001792.2,False,True,False
Hepatovirus C,NC_038313.1,False,True,False
Bovine mastadenovirus A,AC_000191.1,False,True,False
Almpiwar sripuvirus,NC_025391.1,False,False,False
Coronavirus HKU15,NC_016990.2,False,True,False
Hepatovirus A,NC_001489.1,True,True,True
Bat coronavirus CDPHE15,NC_022103.1,False,True,False
Niakha sripuvirus,NC_025405.1,False,False,False
Orthohepevirus A,M73218.1,True,True,True
Hepacivirus B,NC_038426.1,True,True,True
Miniopterus bat coronavirus 1,EU420138.1,False,True,False
Bovine torovirus,NC_007447.1,False,True,False
Wuhan ledantevirus,NC_031301.1,False,False,False
Aichivirus D,NC_027919.1,False,True,False
Avisivirus B,NC_024766.1,False,False,False
Coastal Plains tibrovirus,NC_025397.1,False,True,False
Palyam virus,NC_005990.1  NC_005986.1  NC_005989.1  NC_005991.1  NC_005993.1  NC_005987.1  NC_005988.1  NC_005994.1  NC_005992.1  NC_005995.1,True,True,True
Koala retrovirus,NC_039228.1,False,True,False
Measles morbillivirus,NC_001498.1,True,True,True
Warrego virus,KJ495755.1  KJ495756.1  KJ495757.1  KJ495758.1  KJ495759.1  KJ495760.1  KJ495762.1  KJ495761.1  KJ495763.1  KJ495764.1,False,True,False
Sicinivirus A,NC_023861.1,False,False,False
Iranian wheat stripe tenuivirus,NC_038748.1  NC_038750.1  NC_038749.1,False,False,False
Baboon orthoreovirus,NC_015877.1  NC_015878.1  NC_015879.1  NC_015880.1  NC_015881.1  NC_015882.1  NC_015883.1  NC_015884.1  NC_015886.1  NC_015885.1,False,True,True
Feline calicivirus,NC_001481.2,False,True,False
Chaco sripuvirus,NC_034550.1,False,False,False
Mal de Rio Cuarto virus,NC_008733.1  NC_008732.1  NC_008730.1  NC_008729.1  NC_008735.1  NC_008731.1  NC_008736.1  NC_008728.1  NC_008737.1  NC_008734.1,False,False,False
Hepacivirus D,NC_031950.1,False,True,True
Human picobirnavirus,NC_007026.1  NC_007027.1,True,True,True
Megrivirus A,NC_023858.1,False,False,False
Joinjakaka hapavirus,NC_034538.1,False,False,False
Eilat virus,NC_018615.1,False,False,False
Harkavirus A,NC_026921.1,False,False,False
Murine leukemia virus,NC_001501.1,False,True,False
Miniopterus bat coronavirus HKU8,NC_010438.1,False,True,False
Kotonkan ephemerovirus,NC_017714.1,False,False,False
Cardiovirus B,NC_001366.1,True,True,True
Adelaide River ephemerovirus,NC_028246.1,False,True,False
Enterovirus E,NC_001859.1,False,True,False
Limnipivirus B,NC_023162.1,False,False,False
Lettuce necrotic yellows cytorhabdovirus,NC_007642.1,False,False,False
Mycoreovirus 1,NC_010743.1  NC_010744.1  NC_010745.1  NC_038657.1  NC_010746.1  NC_010747.1  NC_010748.1  NC_010749.1  NC_010750.1  NC_010751.1  NC_010752.1  NC_010753.1,False,False,False
Yug Bogdanovac vesiculovirus,NC_025378.1,False,False,False
Puerto Almendras almendravirus,NC_025395.1,False,False,False
Wallal virus,NC_022553.1  NC_022554.1  NC_022555.1  NC_022560.1  NC_022556.1  NC_022561.1  NC_022562.1  NC_022557.1  NC_022558.1  NC_022559.1,False,True,False
Pegivirus B,NC_030291.1,False,True,False
Lettuce yellow mottle cytorhabdovirus,NC_011532.1,False,False,False
Saimiriine alphaherpesvirus 1,NC_014567.1,False,True,True
Obodhiang ephemerovirus,NC_017685.1,False,True,False
Hepacivirus A,NC_038425.1,False,True,False
Rice grassy stunt tenuivirus,NC_002327.1  NC_002323.1  NC_002328.1  NC_002324.1  NC_002325.1  NC_002326.1,False,False,False
Aquareovirus E,NC_038640.1  NC_038634.1  NC_038635.1  NC_038641.1  NC_038636.1  NC_038637.1  NC_038643.1  NC_038639.1  NC_038638.1  NC_038642.1  NC_038644.1,False,False,False
Sweetwater Branch tibrovirus,NC_034546.1,False,False,False
Maize Iranian mosaic nucleorhabdovirus,NC_036390.1,False,False,False
Sakobuvirus A,NC_022802.1,False,True,False
Aquareovirus C,NC_005166.1  NC_005167.1  NC_005168.1  NC_005169.1  NC_005170.1  NC_005171.1  NC_005172.1  NC_005173.1  NC_005174.1  NC_005175.1  NC_005176.1,False,False,False
Betaarterivirus suid 2,NC_038291.1,False,True,False
Piscine orthoreovirus,NC_036468.1  NC_036477.1  NC_036476.1  NC_036471.1  NC_036469.1  NC_036470.1  NC_036473.1  NC_036474.1  NC_036472.1  NC_036475.1,False,False,False
Betaarterivirus suid 1,AF046869.1,False,True,False
Deltapapillomavirus 1,NC_001524.1,False,True,False
Infectious bursal disease virus,NC_004178.1  NC_004179.1,False,False,False
Reticuloendotheliosis virus,NC_006934.1,False,False,False
Gammaarterivirus lacdeh,NC_001639.1,False,True,False
Feline morbillivirus,NC_025264.1,False,True,False
Pegivirus D,NC_038433.1,False,True,False
La Joya hapavirus,NC_034537.1,False,False,False
Berrimah ephemerovirus,NC_025358.1,False,True,False
Southern rice black-streaked dwarf virus,NC_014712.1  NC_014708.1  NC_014713.1  NC_014709.1  NC_014714.1  NC_014710.1  NC_014715.1  NC_014711.1  NC_014716.1  NC_014717.1,False,False,False
Nelson Bay orthoreovirus,JF342668.1  JF342666.1  JF342667.1  JF342669.1  JF342670.1  JF342671.1  AY357730.1  AY357731.1  AY357732.1  AY357733.1,True,True,True
Cypovirus 1,NC_003016.1  NC_003017.1  NC_003018.1  NC_003019.1  NC_003020.1  NC_003021.1  NC_003022.1  NC_003023.1  NC_003024.1  NC_003025.1,False,False,False
Murid gammaherpesvirus 4,NC_001826.2,False,True,False
Hepacivirus I,NC_038428.1,False,True,False
Oscivirus A,NC_014412.1,False,False,False
Pasivirus A,NC_018226.1,False,True,False
Erbovirus A,NC_003983.1,False,True,False
Kunsagivirus A,NC_038317.1,False,False,False
Avian metaavulavirus 2,NC_039230.1,False,False,False
Hepacivirus N,NC_038432.1,False,True,False
Flanders hapavirus,NC_039202.1,False,False,False
Rodent erythroparvovirus 1,GQ200736.1,False,True,False
Porcine epidemic diarrhea virus,NC_003436.1,False,True,False
Avastrovirus 2,NC_003790.1,False,False,False
Hepacivirus M,NC_038431.1,False,True,False
Ord River hapavirus,NC_034543.1,False,False,False
Hart Park hapavirus,NC_034447.1,False,False,False
Pestivirus A,NC_001461.1,True,True,True
Maize mosaic nucleorhabdovirus,NC_005975.1,False,False,False
Drosophila melanogaster sigmavirus,NC_013135.1,False,False,False
Deltaarterivirus hemfev,NC_003092.2,False,True,True
Aquamavirus A,NC_009891.1,False,True,False
Deltaarterivirus pejah,NC_027124.1,False,True,True
Thetaarterivirus kafuba,NC_029053.1,False,True,True
Epsilonarterivirus hemcep,NC_038293.1,False,True,True
Alfalfa dwarf cytorhabdovirus,NC_028237.2,False,False,False
Iotaarterivirus debrazmo,NC_026509.1,False,True,True
Manitoba hapavirus,NC_034531.1,False,False,False
Tibrogargan tibrovirus,NC_020804.1,False,False,False
Wongabel hapavirus,NC_011639.1,False,True,False
Parry Creek hapavirus,NC_034449.1,False,False,False
Pegivirus E,NC_020902.1,False,True,False
Salivirus A,NC_012986.1,True,True,True
